id,label
1,67
2,67
3,91
4,151
5,165
6,73
7,192
8,187
9,95
10,151
11,132
12,14
13,192
14,92
15,143
16,129
17,2
18,84
19,61
20,11
21,61
22,54
23,159
24,89
25,30
26,27
27,92
28,79
29,94
30,74
31,145
32,25
33,81
34,107
35,58
36,14
37,73
38,34
39,104
40,36
41,58
42,78
43,2
44,115
45,171
46,64
47,10
48,9
49,97
50,40
51,79
52,120
53,147
54,83
55,147
56,36
57,179
58,23
59,56
60,52
61,2
62,35
63,73
64,41
65,56
66,33
67,67
68,61
69,14
70,78
71,33
72,14
73,59
74,150
75,81
76,73
77,34
78,60
79,33
80,53
81,31
82,23
83,14
84,2
85,54
86,147
87,49
88,83
89,14
90,14
91,14
92,73
93,134
94,14
95,54
96,74
97,9
98,15
99,81
100,92
101,61
102,60
103,94
104,64
105,110
106,81
107,15
108,147
109,83
110,73
111,9
112,56
113,81
114,111
115,56
116,51
117,22
118,33
119,6
120,159
121,94
122,83
123,122
124,34
125,14
126,90
127,26
128,81
129,58
130,14
131,56
132,60
133,24
134,54
135,2
136,81
137,36
138,25
139,74
140,10
141,64
142,14
143,73
144,79
145,147
146,49
147,24
148,188
149,73
150,33
151,73
152,33
153,14
154,81
155,85
156,81
157,59
158,33
159,45
160,81
161,134
162,121
163,58
164,76
165,15
166,83
167,61
168,14
169,54
170,96
171,58
172,73
173,73
174,122
175,2
176,151
177,14
178,65
179,81
180,121
181,14
182,110
183,94
184,142
185,73
186,81
187,54
188,56
189,82
190,2
191,40
192,33
193,19
194,66
195,83
196,6
197,74
198,73
199,74
200,137
201,49
202,29
203,78
204,132
205,32
206,129
207,138
208,114
209,58
210,14
211,33
212,82
213,73
214,101
215,61
216,59
217,157
218,94
219,94
220,147
221,14
222,23
223,73
224,73
225,83
226,151
227,53
228,9
229,179
230,73
231,15
232,53
233,142
234,90
235,25
236,13
237,58
238,73
239,114
240,14
241,81
242,80
243,2
244,73
245,13
246,83
247,86
248,108
249,51
250,74
251,26
252,166
253,34
254,89
255,130
256,14
257,80
258,171
259,14
260,151
261,104
262,81
263,60
264,89
265,65
266,73
267,14
268,54
269,36
270,49
271,81
272,15
273,106
274,122
275,133
276,114
277,65
278,21
279,50
280,54
281,60
282,111
283,2
284,110
285,184
286,78
287,184
288,31
289,58
290,54
291,5
292,2
293,141
294,14
295,78
296,59
297,22
298,132
299,78
300,14
301,82
302,151
303,73
304,33
305,2
306,73
307,100
308,11
309,67
310,159
311,11
312,130
313,179
314,60
315,129
316,59
317,115
318,1
319,33
320,151
321,147
322,81
323,73
324,2
325,121
326,91
327,33
328,110
329,14
330,35
331,73
332,28
333,14
334,95
335,36
336,1
337,94
338,80
339,73
340,73
341,30
342,36
343,58
344,171
345,14
346,120
347,151
348,81
349,73
350,192
351,59
352,81
353,61
354,96
355,92
356,78
357,73
358,49
359,138
360,34
361,74
362,25
363,78
364,58
365,100
366,2
367,73
368,33
369,54
370,165
371,132
372,119
373,111
374,58
375,10
376,33
377,73
378,94
379,122
380,14
381,56
382,2
383,54
384,90
385,73
386,30
387,33
388,11
389,74
390,66
391,83
392,83
393,14
394,81
395,14
396,81
397,132
398,14
399,164
400,81
401,73
402,29
403,74
404,78
405,49
406,58
407,110
408,79
409,135
410,81
411,60
412,36
413,78
414,29
415,9
416,33
417,179
418,94
419,108
420,33
421,15
422,61
423,92
424,100
425,67
426,74
427,14
428,33
429,88
430,79
431,56
432,81
433,40
434,26
435,2
436,159
437,14
438,3
439,14
440,58
441,36
442,74
443,81
444,61
445,13
446,83
447,73
448,58
449,138
450,92
451,102
452,83
453,80
454,83
455,132
456,94
457,146
458,2
459,74
460,33
461,80
462,53
463,6
464,30
465,68
466,83
467,2
468,136
469,73
470,28
471,26
472,73
473,2
474,94
475,56
476,32
477,151
478,38
479,94
480,125
481,33
482,138
483,151
484,54
485,73
486,61
487,89
488,73
489,142
490,97
491,94
492,40
493,81
494,33
495,27
496,132
497,40
498,45
499,171
500,54
501,136
502,134
503,77
504,81
505,33
506,23
507,36
508,14
509,80
510,33
511,14
512,58
513,51
514,23
515,15
516,36
517,78
518,82
519,106
520,78
521,64
522,112
523,14
524,81
525,151
526,4
527,145
528,129
529,111
530,56
531,14
532,56
533,62
534,34
535,106
536,107
537,109
538,42
539,79
540,64
541,159
542,51
543,73
544,71
545,33
546,110
547,33
548,14
549,51
550,26
551,33
552,73
553,78
554,134
555,11
556,83
557,136
558,36
559,15
560,100
561,41
562,36
563,147
564,82
565,2
566,105
567,151
568,26
569,40
570,92
571,129
572,94
573,122
574,73
575,59
576,130
577,54
578,26
579,159
580,104
581,74
582,104
583,33
584,59
585,134
586,80
587,40
588,78
589,21
590,137
591,80
592,118
593,73
594,74
595,61
596,115
597,38
598,2
599,159
600,179
601,81
602,24
603,33
604,81
605,173
606,14
607,51
608,23
609,60
610,62
611,81
612,33
613,104
614,51
615,97
616,30
617,33
618,159
619,80
620,53
621,57
622,73
623,159
624,146
625,63
626,9
627,14
628,83
629,106
630,132
631,35
632,73
633,81
634,24
635,19
636,8
637,81
638,90
639,106
640,73
641,134
642,147
643,111
644,78
645,33
646,142
647,14
648,110
649,14
650,92
651,54
652,53
653,164
654,2
655,79
656,73
657,14
658,74
659,73
660,136
661,80
662,14
663,2
664,14
665,79
666,33
667,60
668,110
669,81
670,53
671,29
672,14
673,81
674,92
675,14
676,81
677,92
678,111
679,2
680,82
681,73
682,1
683,40
684,151
685,33
686,51
687,129
688,195
689,14
690,81
691,60
692,95
693,81
694,76
695,104
696,135
697,81
698,2
699,9
700,53
701,137
702,14
703,61
704,14
705,9
706,14
707,67
708,53
709,136
710,14
711,15
712,110
713,98
714,73
715,33
716,147
717,57
718,134
719,147
720,142
721,74
722,54
723,81
724,144
725,78
726,147
727,114
728,136
729,41
730,147
731,40
732,15
733,40
734,58
735,130
736,185
737,60
738,12
739,81
740,141
741,49
742,14
743,9
744,14
745,3
746,29
747,110
748,14
749,73
750,132
751,73
752,14
753,35
754,73
755,15
756,10
757,81
758,14
759,3
760,73
761,40
762,61
763,40
764,14
765,73
766,92
767,121
768,97
769,37
770,95
771,58
772,94
773,65
774,194
775,114
776,26
777,60
778,38
779,33
780,33
781,81
782,130
783,147
784,83
785,33
786,14
787,100
788,120
789,92
790,73
791,147
792,73
793,94
794,51
795,15
796,101
797,14
798,26
799,2
800,81
801,2
802,89
803,14
804,58
805,9
806,14
807,25
808,132
809,60
810,73
811,121
812,142
813,1
814,83
815,73
816,40
817,73
818,66
819,59
820,81
821,36
822,78
823,144
824,82
825,11
826,73
827,14
828,58
829,34
830,151
831,92
832,150
833,110
834,73
835,145
836,73
837,33
838,84
839,73
840,54
841,111
842,194
843,83
844,62
845,64
846,132
847,33
848,82
849,40
850,36
851,136
852,130
853,95
854,73
855,2
856,36
857,30
858,132
859,110
860,138
861,151
862,132
863,122
864,33
865,186
866,2
867,12
868,54
869,78
870,110
871,53
872,90
873,35
874,89
875,1
876,79
877,2
878,60
879,159
880,9
881,81
882,76
883,81
884,126
885,111
886,15
887,51
888,151
889,14
890,24
891,78
892,104
893,2
894,33
895,67
896,73
897,73
898,73
899,33
900,44
901,74
902,15
903,112
904,2
905,122
906,2
907,115
908,122
909,14
910,14
911,106
912,56
913,14
914,81
915,74
916,26
917,23
918,78
919,14
920,104
921,125
922,83
923,129
924,80
925,30
926,83
927,147
928,114
929,25
930,9
931,118
932,34
933,81
934,122
935,14
936,9
937,33
938,73
939,81
940,54
941,81
942,35
943,33
944,21
945,81
946,73
947,116
948,151
949,151
950,15
951,56
952,81
953,147
954,96
955,107
956,122
957,54
958,32
959,142
960,26
961,67
962,13
963,22
964,74
965,14
966,89
967,127
968,56
969,2
970,114
971,142
972,14
973,73
974,60
975,111
976,142
977,110
978,147
979,118
980,33
981,104
982,36
983,164
984,81
985,111
986,130
987,151
988,114
989,14
990,73
991,71
992,51
993,64
994,60
995,33
996,90
997,30
998,23
999,81
1000,58
1001,73
1002,13
1003,141
1004,73
1005,147
1006,71
1007,58
1008,14
1009,138
1010,90
1011,2
1012,121
1013,81
1014,73
1015,33
1016,71
1017,14
1018,90
1019,117
1020,81
1021,58
1022,111
1023,46
1024,145
1025,58
1026,35
1027,83
1028,54
1029,33
1030,81
1031,64
1032,34
1033,73
1034,130
1035,129
1036,26
1037,79
1038,73
1039,11
1040,53
1041,171
1042,73
1043,59
1044,112
1045,33
1046,126
1047,2
1048,80
1049,51
1050,114
1051,14
1052,83
1053,109
1054,144
1055,110
1056,60
1057,83
1058,14
1059,142
1060,81
1061,14
1062,73
1063,175
1064,89
1065,83
1066,14
1067,142
1068,73
1069,94
1070,54
1071,73
1072,54
1073,114
1074,78
1075,94
1076,121
1077,30
1078,165
1079,27
1080,35
1081,73
1082,73
1083,67
1084,60
1085,73
1086,78
1087,64
1088,33
1089,14
1090,127
1091,23
1092,56
1093,147
1094,171
1095,31
1096,147
1097,26
1098,82
1099,74
1100,14
1101,138
1102,78
1103,52
1104,53
1105,139
1106,14
1107,73
1108,20
1109,132
1110,127
1111,66
1112,81
1113,41
1114,33
1115,104
1116,130
1117,138
1118,104
1119,137
1120,54
1121,73
1122,74
1123,41
1124,94
1125,80
1126,104
1127,132
1128,40
1129,15
1130,73
1131,30
1132,15
1133,104
1134,73
1135,147
1136,54
1137,33
1138,54
1139,78
1140,56
1141,25
1142,51
1143,83
1144,114
1145,81
1146,73
1147,25
1148,134
1149,97
1150,132
1151,59
1152,2
1153,95
1154,110
1155,159
1156,92
1157,81
1158,83
1159,97
1160,80
1161,111
1162,14
1163,27
1164,40
1165,30
1166,51
1167,94
1168,78
1169,23
1170,81
1171,142
1172,9
1173,81
1174,50
1175,81
1176,135
1177,33
1178,144
1179,64
1180,33
1181,95
1182,14
1183,122
1184,30
1185,110
1186,53
1187,14
1188,138
1189,144
1190,89
1191,78
1192,30
1193,59
1194,53
1195,185
1196,83
1197,111
1198,23
1199,51
1200,191
1201,70
1202,73
1203,132
1204,14
1205,81
1206,81
1207,74
1208,73
1209,15
1210,51
1211,73
1212,130
1213,14
1214,2
1215,64
1216,80
1217,110
1218,14
1219,89
1220,73
1221,2
1222,136
1223,27
1224,76
1225,60
1226,15
1227,80
1228,8
1229,11
1230,23
1231,46
1232,92
1233,33
1234,2
1235,81
1236,79
1237,6
1238,107
1239,51
1240,104
1241,9
1242,33
1243,30
1244,33
1245,14
1246,165
1247,2
1248,78
1249,81
1250,54
1251,73
1252,114
1253,33
1254,111
1255,11
1256,90
1257,89
1258,53
1259,83
1260,106
1261,21
1262,74
1263,51
1264,15
1265,14
1266,13
1267,56
1268,73
1269,122
1270,114
1271,80
1272,104
1273,81
1274,2
1275,66
1276,142
1277,9
1278,37
1279,2
1280,137
1281,61
1282,58
1283,91
1284,2
1285,87
1286,64
1287,147
1288,92
1289,73
1290,81
1291,108
1292,14
1293,14
1294,2
1295,104
1296,81
1297,64
1298,52
1299,120
1300,73
1301,83
1302,132
1303,171
1304,73
1305,73
1306,91
1307,54
1308,23
1309,40
1310,14
1311,134
1312,92
1313,83
1314,41
1315,33
1316,110
1317,54
1318,14
1319,79
1320,89
1321,73
1322,7
1323,11
1324,2
1325,132
1326,92
1327,83
1328,110
1329,100
1330,132
1331,73
1332,81
1333,36
1334,75
1335,75
1336,2
1337,33
1338,33
1339,2
1340,129
1341,58
1342,30
1343,89
1344,33
1345,73
1346,21
1347,147
1348,81
1349,15
1350,33
1351,73
1352,30
1353,78
1354,2
1355,45
1356,111
1357,41
1358,36
1359,33
1360,122
1361,80
1362,104
1363,99
1364,2
1365,14
1366,112
1367,14
1368,151
1369,41
1370,94
1371,111
1372,147
1373,194
1374,79
1375,11
1376,83
1377,87
1378,86
1379,74
1380,25
1381,82
1382,40
1383,82
1384,81
1385,6
1386,60
1387,82
1388,105
1389,60
1390,92
1391,73
1392,81
1393,64
1394,90
1395,74
1396,40
1397,15
1398,82
1399,129
1400,147
1401,65
1402,51
1403,58
1404,14
1405,179
1406,147
1407,44
1408,74
1409,30
1410,87
1411,73
1412,14
1413,62
1414,1
1415,50
1416,73
1417,151
1418,13
1419,151
1420,21
1421,14
1422,1
1423,13
1424,14
1425,81
1426,73
1427,13
1428,59
1429,81
1430,53
1431,14
1432,2
1433,134
1434,179
1435,94
1436,55
1437,81
1438,81
1439,106
1440,33
1441,33
1442,64
1443,2
1444,2
1445,74
1446,79
1447,78
1448,74
1449,33
1450,93
1451,81
1452,87
1453,33
1454,147
1455,51
1456,14
1457,110
1458,61
1459,51
1460,121
1461,115
1462,15
1463,11
1464,187
1465,2
1466,81
1467,81
1468,81
1469,74
1470,36
1471,147
1472,24
1473,48
1474,104
1475,81
1476,83
1477,92
1478,74
1479,115
1480,64
1481,9
1482,23
1483,14
1484,63
1485,132
1486,30
1487,14
1488,76
1489,74
1490,23
1491,81
1492,80
1493,94
1494,151
1495,132
1496,61
1497,78
1498,104
1499,73
1500,132
1501,33
1502,14
1503,83
1504,46
1505,82
1506,4
1507,58
1508,94
1509,30
1510,33
1511,116
1512,60
1513,81
1514,26
1515,81
1516,79
1517,130
1518,164
1519,60
1520,158
1521,104
1522,82
1523,33
1524,35
1525,5
1526,52
1527,58
1528,33
1529,40
1530,132
1531,14
1532,78
1533,14
1534,2
1535,110
1536,36
1537,23
1538,14
1539,92
1540,91
1541,9
1542,2
1543,111
1544,33
1545,21
1546,135
1547,80
1548,151
1549,74
1550,164
1551,61
1552,33
1553,33
1554,95
1555,104
1556,14
1557,14
1558,30
1559,70
1560,165
1561,58
1562,81
1563,83
1564,2
1565,15
1566,59
1567,106
1568,94
1569,14
1570,96
1571,27
1572,67
1573,110
1574,73
1575,59
1576,58
1577,111
1578,14
1579,14
1580,110
1581,2
1582,129
1583,78
1584,143
1585,73
1586,173
1587,192
1588,114
1589,95
1590,114
1591,45
1592,185
1593,73
1594,13
1595,81
1596,108
1597,80
1598,74
1599,30
1600,81
1601,80
1602,35
1603,114
1604,2
1605,15
1606,191
1607,11
1608,151
1609,35
1610,66
1611,126
1612,92
1613,23
1614,74
1615,151
1616,36
1617,110
1618,58
1619,6
1620,67
1621,73
1622,17
1623,56
1624,136
1625,111
1626,33
1627,81
1628,159
1629,106
1630,91
1631,14
1632,142
1633,33
1634,64
1635,37
1636,104
1637,109
1638,2
1639,14
1640,41
1641,13
1642,80
1643,35
1644,73
1645,73
1646,132
1647,15
1648,89
1649,72
1650,194
1651,15
1652,1
1653,132
1654,14
1655,81
1656,50
1657,99
1658,81
1659,14
1660,73
1661,79
1662,76
1663,147
1664,81
1665,54
1666,14
1667,73
1668,114
1669,73
1670,14
1671,15
1672,40
1673,80
1674,134
1675,79
1676,94
1677,59
1678,97
1679,81
1680,81
1681,147
1682,81
1683,83
1684,117
1685,2
1686,2
1687,51
1688,83
1689,36
1690,33
1691,51
1692,151
1693,108
1694,33
1695,61
1696,82
1697,81
1698,33
1699,144
1700,81
1701,151
1702,72
1703,14
1704,14
1705,129
1706,136
1707,114
1708,51
1709,14
1710,45
1711,110
1712,56
1713,58
1714,60
1715,79
1716,58
1717,69
1718,1
1719,65
1720,14
1721,118
1722,14
1723,2
1724,2
1725,80
1726,33
1727,73
1728,33
1729,79
1730,112
1731,91
1732,73
1733,136
1734,53
1735,54
1736,60
1737,70
1738,111
1739,2
1740,110
1741,23
1742,48
1743,12
1744,54
1745,147
1746,80
1747,166
1748,8
1749,147
1750,45
1751,136
1752,33
1753,73
1754,166
1755,59
1756,73
1757,54
1758,111
1759,94
1760,104
1761,116
1762,14
1763,147
1764,81
1765,81
1766,58
1767,14
1768,74
1769,194
1770,58
1771,14
1772,14
1773,14
1774,2
1775,135
1776,33
1777,59
1778,30
1779,81
1780,82
1781,79
1782,14
1783,54
1784,11
1785,51
1786,45
1787,121
1788,58
1789,14
1790,54
1791,171
1792,74
1793,60
1794,110
1795,76
1796,26
1797,103
1798,73
1799,81
1800,89
1801,14
1802,21
1803,80
1804,14
1805,144
1806,154
1807,132
1808,81
1809,13
1810,111
1811,6
1812,141
1813,92
1814,58
1815,69
1816,106
1817,73
1818,61
1819,59
1820,94
1821,104
1822,33
1823,80
1824,26
1825,14
1826,82
1827,15
1828,2
1829,160
1830,94
1831,81
1832,177
1833,159
1834,73
1835,81
1836,54
1837,38
1838,89
1839,87
1840,81
1841,93
1842,132
1843,33
1844,54
1845,122
1846,17
1847,2
1848,107
1849,137
1850,33
1851,81
1852,142
1853,50
1854,81
1855,92
1856,89
1857,54
1858,65
1859,73
1860,40
1861,110
1862,41
1863,33
1864,21
1865,56
1866,93
1867,59
1868,14
1869,159
1870,151
1871,73
1872,97
1873,58
1874,148
1875,149
1876,33
1877,81
1878,67
1879,26
1880,41
1881,23
1882,73
1883,73
1884,132
1885,25
1886,151
1887,74
1888,14
1889,33
1890,79
1891,54
1892,33
1893,151
1894,110
1895,179
1896,2
1897,104
1898,83
1899,73
1900,15
1901,111
1902,121
1903,58
1904,58
1905,104
1906,64
1907,34
1908,104
1909,92
1910,14
1911,60
1912,15
1913,151
1914,135
1915,89
1916,29
1917,60
1918,33
1919,73
1920,23
1921,5
1922,14
1923,13
1924,81
1925,107
1926,129
1927,78
1928,150
1929,87
1930,13
1931,81
1932,92
1933,101
1934,64
1935,40
1936,54
1937,14
1938,73
1939,36
1940,115
1941,142
1942,73
1943,175
1944,87
1945,12
1946,78
1947,15
1948,53
1949,14
1950,81
1951,33
1952,127
1953,132
1954,10
1955,14
1956,89
1957,137
1958,73
1959,121
1960,142
1961,46
1962,104
1963,137
1964,73
1965,104
1966,54
1967,171
1968,73
1969,14
1970,58
1971,81
1972,92
1973,111
1974,2
1975,147
1976,33
1977,78
1978,10
1979,73
1980,118
1981,64
1982,23
1983,110
1984,81
1985,46
1986,73
1987,33
1988,60
1989,115
1990,83
1991,3
1992,58
1993,64
1994,74
1995,15
1996,11
1997,114
1998,6
1999,89
2000,81
2001,1
2002,63
2003,40
2004,112
2005,198
2006,89
2007,198
2008,73
2009,118
2010,73
2011,1
2012,73
2013,147
2014,60
2015,23
2016,132
2017,2
2018,192
2019,94
2020,151
2021,27
2022,2
2023,61
2024,15
2025,14
2026,59
2027,94
2028,29
2029,125
2030,54
2031,72
2032,134
2033,81
2034,14
2035,106
2036,61
2037,110
2038,81
2039,14
2040,103
2041,53
2042,54
2043,60
2044,74
2045,83
2046,138
2047,87
2048,110
2049,192
2050,145
2051,83
2052,142
2053,48
2054,151
2055,85
2056,86
2057,80
2058,33
2059,41
2060,146
2061,15
2062,23
2063,166
2064,15
2065,14
2066,59
2067,15
2068,70
2069,81
2070,58
2071,33
2072,78
2073,94
2074,2
2075,73
2076,59
2077,14
2078,147
2079,73
2080,21
2081,95
2082,165
2083,58
2084,2
2085,73
2086,59
2087,61
2088,45
2089,89
2090,107
2091,122
2092,82
2093,73
2094,76
2095,14
2096,34
2097,114
2098,14
2099,97
2100,81
2101,151
2102,80
2103,33
2104,72
2105,23
2106,159
2107,2
2108,33
2109,73
2110,14
2111,114
2112,53
2113,40
2114,14
2115,79
2116,9
2117,132
2118,2
2119,179
2120,151
2121,104
2122,59
2123,14
2124,83
2125,58
2126,87
2127,14
2128,73
2129,33
2130,188
2131,73
2132,25
2133,132
2134,51
2135,130
2136,83
2137,63
2138,49
2139,30
2140,164
2141,104
2142,164
2143,179
2144,79
2145,3
2146,15
2147,73
2148,2
2149,5
2150,142
2151,83
2152,15
2153,33
2154,23
2155,40
2156,106
2157,116
2158,13
2159,2
2160,71
2161,14
2162,73
2163,137
2164,151
2165,2
2166,92
2167,26
2168,15
2169,14
2170,108
2171,9
2172,80
2173,14
2174,14
2175,73
2176,10
2177,79
2178,36
2179,111
2180,1
2181,58
2182,24
2183,14
2184,89
2185,2
2186,68
2187,33
2188,2
2189,94
2190,106
2191,39
2192,36
2193,67
2194,83
2195,2
2196,73
2197,90
2198,148
2199,56
2200,64
2201,64
2202,80
2203,59
2204,73
2205,2
2206,92
2207,159
2208,147
2209,64
2210,151
2211,6
2212,107
2213,200
2214,32
2215,15
2216,83
2217,33
2218,60
2219,81
2220,165
2221,74
2222,106
2223,132
2224,81
2225,92
2226,73
2227,132
2228,114
2229,73
2230,73
2231,30
2232,81
2233,54
2234,87
2235,92
2236,83
2237,26
2238,62
2239,81
2240,1
2241,74
2242,26
2243,92
2244,54
2245,74
2246,33
2247,95
2248,81
2249,159
2250,15
2251,40
2252,171
2253,94
2254,14
2255,15
2256,142
2257,14
2258,36
2259,15
2260,89
2261,23
2262,63
2263,90
2264,64
2265,104
2266,147
2267,81
2268,81
2269,110
2270,73
2271,19
2272,79
2273,73
2274,138
2275,20
2276,32
2277,141
2278,151
2279,94
2280,166
2281,14
2282,81
2283,101
2284,171
2285,73
2286,32
2287,171
2288,104
2289,179
2290,166
2291,14
2292,110
2293,73
2294,106
2295,118
2296,25
2297,147
2298,2
2299,20
2300,187
2301,59
2302,59
2303,33
2304,14
2305,26
2306,58
2307,74
2308,73
2309,90
2310,23
2311,129
2312,81
2313,171
2314,20
2315,166
2316,14
2317,171
2318,32
2319,132
2320,132
2321,40
2322,81
2323,151
2324,73
2325,73
2326,151
2327,92
2328,81
2329,73
2330,89
2331,14
2332,114
2333,116
2334,80
2335,33
2336,14
2337,78
2338,58
2339,171
2340,14
2341,35
2342,97
2343,151
2344,136
2345,151
2346,56
2347,110
2348,86
2349,64
2350,14
2351,136
2352,93
2353,94
2354,73
2355,81
2356,147
2357,81
2358,73
2359,9
2360,73
2361,53
2362,73
2363,96
2364,14
2365,33
2366,36
2367,73
2368,51
2369,121
2370,60
2371,2
2372,56
2373,135
2374,64
2375,92
2376,91
2377,13
2378,81
2379,81
2380,76
2381,36
2382,73
2383,138
2384,53
2385,86
2386,14
2387,146
2388,26
2389,81
2390,190
2391,151
2392,111
2393,127
2394,82
2395,13
2396,14
2397,33
2398,151
2399,106
2400,121
2401,151
2402,58
2403,73
2404,122
2405,114
2406,33
2407,73
2408,5
2409,14
2410,60
2411,147
2412,58
2413,54
2414,132
2415,73
2416,159
2417,121
2418,122
2419,25
2420,27
2421,73
2422,73
2423,111
2424,60
2425,56
2426,14
2427,94
2428,155
2429,76
2430,94
2431,56
2432,15
2433,94
2434,109
2435,14
2436,79
2437,110
2438,112
2439,2
2440,81
2441,73
2442,14
2443,111
2444,73
2445,81
2446,73
2447,64
2448,81
2449,157
2450,2
2451,122
2452,147
2453,73
2454,61
2455,127
2456,119
2457,32
2458,15
2459,59
2460,61
2461,147
2462,33
2463,15
2464,95
2465,79
2466,14
2467,73
2468,73
2469,64
2470,73
2471,81
2472,33
2473,2
2474,191
2475,80
2476,73
2477,142
2478,102
2479,60
2480,104
2481,151
2482,2
2483,172
2484,130
2485,83
2486,21
2487,2
2488,14
2489,87
2490,33
2491,73
2492,125
2493,132
2494,14
2495,114
2496,138
2497,33
2498,151
2499,76
2500,121
2501,76
2502,81
2503,33
2504,80
2505,20
2506,67
2507,7
2508,83
2509,40
2510,73
2511,150
2512,73
2513,56
2514,15
2515,171
2516,107
2517,115
2518,60
2519,61
2520,2
2521,61
2522,40
2523,58
2524,159
2525,24
2526,73
2527,40
2528,73
2529,14
2530,138
2531,56
2532,14
2533,81
2534,73
2535,20
2536,78
2537,67
2538,171
2539,104
2540,53
2541,165
2542,61
2543,73
2544,2
2545,171
2546,73
2547,6
2548,111
2549,165
2550,142
2551,61
2552,59
2553,78
2554,24
2555,36
2556,159
2557,132
2558,73
2559,73
2560,121
2561,33
2562,15
2563,41
2564,110
2565,22
2566,2
2567,81
2568,114
2569,81
2570,58
2571,73
2572,14
2573,61
2574,33
2575,73
2576,135
2577,60
2578,146
2579,73
2580,2
2581,26
2582,83
2583,92
2584,132
2585,94
2586,14
2587,151
2588,2
2589,40
2590,33
2591,33
2592,81
2593,137
2594,79
2595,94
2596,94
2597,14
2598,59
2599,114
2600,10
2601,14
2602,114
2603,84
2604,59
2605,147
2606,51
2607,22
2608,15
2609,73
2610,94
2611,146
2612,36
2613,90
2614,23
2615,76
2616,2
2617,110
2618,33
2619,33
2620,157
2621,192
2622,136
2623,142
2624,74
2625,80
2626,151
2627,98
2628,24
2629,132
2630,108
2631,151
2632,112
2633,12
2634,73
2635,80
2636,151
2637,14
2638,2
2639,80
2640,114
2641,13
2642,33
2643,67
2644,2
2645,117
2646,151
2647,15
2648,81
2649,73
2650,59
2651,59
2652,11
2653,34
2654,60
2655,158
2656,73
2657,74
2658,112
2659,46
2660,114
2661,128
2662,78
2663,132
2664,80
2665,147
2666,81
2667,151
2668,148
2669,73
2670,61
2671,41
2672,151
2673,61
2674,78
2675,111
2676,104
2677,33
2678,81
2679,73
2680,89
2681,151
2682,11
2683,67
2684,54
2685,147
2686,33
2687,147
2688,121
2689,76
2690,164
2691,3
2692,95
2693,64
2694,64
2695,26
2696,107
2697,74
2698,74
2699,51
2700,121
2701,73
2702,73
2703,83
2704,11
2705,2
2706,14
2707,73
2708,94
2709,64
2710,151
2711,14
2712,14
2713,165
2714,112
2715,79
2716,94
2717,110
2718,33
2719,4
2720,81
2721,14
2722,11
2723,194
2724,59
2725,83
2726,2
2727,118
2728,13
2729,36
2730,40
2731,15
2732,54
2733,54
2734,33
2735,83
2736,83
2737,80
2738,92
2739,122
2740,121
2741,21
2742,73
2743,74
2744,107
2745,97
2746,73
2747,26
2748,136
2749,73
2750,100
2751,2
2752,129
2753,94
2754,23
2755,81
2756,121
2757,14
2758,81
2759,83
2760,30
2761,81
2762,129
2763,129
2764,159
2765,80
2766,73
2767,73
2768,6
2769,2
2770,73
2771,79
2772,147
2773,88
2774,33
2775,86
2776,151
2777,73
2778,73
2779,114
2780,110
2781,73
2782,92
2783,50
2784,41
2785,102
2786,137
2787,132
2788,15
2789,61
2790,56
2791,84
2792,11
2793,171
2794,33
2795,151
2796,23
2797,147
2798,64
2799,83
2800,92
2801,30
2802,34
2803,89
2804,104
2805,73
2806,7
2807,73
2808,6
2809,35
2810,27
2811,83
2812,30
2813,54
2814,58
2815,27
2816,166
2817,135
2818,114
2819,54
2820,24
2821,151
2822,129
2823,74
2824,33
2825,14
2826,33
2827,187
2828,81
2829,59
2830,113
2831,104
2832,2
2833,81
2834,80
2835,33
2836,147
2837,143
2838,56
2839,15
2840,33
2841,83
2842,147
2843,166
2844,14
2845,192
2846,142
2847,51
2848,78
2849,40
2850,15
2851,6
2852,51
2853,171
2854,110
2855,36
2856,151
2857,81
2858,22
2859,14
2860,114
2861,78
2862,151
2863,78
2864,108
2865,2
2866,54
2867,54
2868,147
2869,2
2870,9
2871,188
2872,64
2873,106
2874,37
2875,30
2876,14
2877,15
2878,66
2879,89
2880,20
2881,80
2882,141
2883,29
2884,73
2885,2
2886,122
2887,64
2888,111
2889,23
2890,188
2891,13
2892,76
2893,13
2894,147
2895,142
2896,23
2897,53
2898,15
2899,142
2900,36
2901,54
2902,15
2903,81
2904,57
2905,2
2906,82
2907,59
2908,14
2909,14
2910,73
2911,194
2912,106
2913,2
2914,51
2915,48
2916,23
2917,58
2918,60
2919,136
2920,27
2921,80
2922,41
2923,33
2924,121
2925,33
2926,111
2927,54
2928,122
2929,74
2930,74
2931,127
2932,59
2933,2
2934,2
2935,64
2936,192
2937,148
2938,78
2939,93
2940,171
2941,81
2942,40
2943,81
2944,2
2945,59
2946,36
2947,137
2948,145
2949,194
2950,146
2951,94
2952,114
2953,14
2954,83
2955,16
2956,150
2957,15
2958,81
2959,147
2960,53
2961,40
2962,14
2963,58
2964,73
2965,14
2966,73
2967,24
2968,111
2969,83
2970,41
2971,2
2972,116
2973,33
2974,54
2975,73
2976,11
2977,73
2978,14
2979,91
2980,87
2981,81
2982,73
2983,2
2984,34
2985,76
2986,81
2987,110
2988,52
2989,81
2990,26
2991,73
2992,90
2993,132
2994,14
2995,73
2996,2
2997,73
2998,73
2999,14
3000,2
3001,53
3002,179
3003,84
3004,40
3005,7
3006,73
3007,33
3008,2
3009,171
3010,13
3011,61
3012,14
3013,65
3014,21
3015,95
3016,60
3017,81
3018,9
3019,121
3020,73
3021,33
3022,73
3023,59
3024,73
3025,73
3026,132
3027,54
3028,89
3029,2
3030,110
3031,73
3032,83
3033,171
3034,92
3035,60
3036,83
3037,78
3038,11
3039,73
3040,104
3041,81
3042,95
3043,82
3044,147
3045,14
3046,121
3047,26
3048,80
3049,45
3050,82
3051,2
3052,81
3053,135
3054,2
3055,13
3056,110
3057,81
3058,114
3059,91
3060,121
3061,136
3062,111
3063,81
3064,74
3065,85
3066,9
3067,33
3068,151
3069,73
3070,11
3071,59
3072,81
3073,2
3074,104
3075,111
3076,59
3077,53
3078,142
3079,114
3080,81
3081,73
3082,81
3083,10
3084,73
3085,73
3086,36
3087,9
3088,33
3089,94
3090,165
3091,79
3092,36
3093,15
3094,81
3095,15
3096,164
3097,165
3098,89
3099,49
3100,33
3101,61
3102,81
3103,81
3104,14
3105,73
3106,132
3107,136
3108,151
3109,15
3110,59
3111,33
3112,54
3113,129
3114,132
3115,2
3116,14
3117,21
3118,156
3119,36
3120,33
3121,151
3122,37
3123,2
3124,50
3125,116
3126,61
3127,137
3128,115
3129,89
3130,81
3131,166
3132,92
3133,66
3134,73
3135,2
3136,107
3137,78
3138,11
3139,142
3140,4
3141,73
3142,116
3143,90
3144,54
3145,146
3146,14
3147,11
3148,104
3149,73
3150,151
3151,33
3152,33
3153,59
3154,33
3155,81
3156,2
3157,114
3158,33
3159,113
3160,194
3161,73
3162,137
3163,94
3164,73
3165,61
3166,33
3167,33
3168,66
3169,14
3170,13
3171,135
3172,3
3173,79
3174,33
3175,95
3176,110
3177,9
3178,73
3179,33
3180,104
3181,111
3182,73
3183,98
3184,60
3185,60
3186,26
3187,36
3188,84
3189,25
3190,186
3191,132
3192,73
3193,73
3194,101
3195,79
3196,14
3197,6
3198,118
3199,74
3200,2
3201,165
3202,94
3203,73
3204,14
3205,82
3206,94
3207,81
3208,1
3209,150
3210,194
3211,110
3212,73
3213,73
3214,165
3215,81
3216,14
3217,58
3218,92
3219,20
3220,14
3221,23
3222,73
3223,59
3224,66
3225,152
3226,80
3227,67
3228,28
3229,33
3230,73
3231,97
3232,73
3233,78
3234,94
3235,2
3236,129
3237,81
3238,92
3239,46
3240,124
3241,80
3242,61
3243,132
3244,81
3245,74
3246,127
3247,51
3248,147
3249,81
3250,14
3251,101
3252,73
3253,40
3254,94
3255,54
3256,56
3257,151
3258,71
3259,59
3260,11
3261,14
3262,56
3263,73
3264,59
3265,17
3266,90
3267,114
3268,14
3269,73
3270,65
3271,73
3272,26
3273,81
3274,81
3275,81
3276,104
3277,40
3278,81
3279,23
3280,54
3281,151
3282,15
3283,50
3284,58
3285,11
3286,122
3287,185
3288,192
3289,14
3290,173
3291,159
3292,121
3293,93
3294,30
3295,14
3296,126
3297,67
3298,73
3299,58
3300,171
3301,14
3302,74
3303,111
3304,83
3305,73
3306,66
3307,129
3308,64
3309,29
3310,53
3311,56
3312,64
3313,83
3314,75
3315,92
3316,45
3317,15
3318,23
3319,33
3320,97
3321,58
3322,89
3323,99
3324,73
3325,35
3326,54
3327,60
3328,31
3329,15
3330,80
3331,73
3332,129
3333,74
3334,89
3335,191
3336,87
3337,33
3338,40
3339,151
3340,40
3341,33
3342,80
3343,104
3344,119
3345,122
3346,104
3347,36
3348,41
3349,145
3350,46
3351,81
3352,81
3353,87
3354,29
3355,15
3356,151
3357,73
3358,81
3359,104
3360,131
3361,87
3362,101
3363,165
3364,80
3365,2
3366,21
3367,132
3368,110
3369,79
3370,13
3371,14
3372,66
3373,124
3374,14
3375,58
3376,19
3377,59
3378,14
3379,22
3380,10
3381,136
3382,59
3383,14
3384,147
3385,73
3386,81
3387,142
3388,14
3389,81
3390,40
3391,2
3392,121
3393,138
3394,165
3395,114
3396,23
3397,14
3398,12
3399,73
3400,138
3401,74
3402,83
3403,122
3404,73
3405,9
3406,73
3407,171
3408,127
3409,58
3410,91
3411,73
3412,106
3413,73
3414,23
3415,25
3416,59
3417,145
3418,36
3419,21
3420,111
3421,130
3422,73
3423,104
3424,87
3425,58
3426,141
3427,44
3428,59
3429,11
3430,79
3431,61
3432,65
3433,86
3434,41
3435,151
3436,51
3437,85
3438,130
3439,73
3440,61
3441,45
3442,14
3443,73
3444,144
3445,66
3446,54
3447,94
3448,81
3449,32
3450,134
3451,54
3452,33
3453,136
3454,171
3455,26
3456,67
3457,91
3458,14
3459,56
3460,2
3461,138
3462,1
3463,194
3464,73
3465,81
3466,151
3467,14
3468,14
3469,33
3470,15
3471,124
3472,92
3473,2
3474,54
3475,145
3476,60
3477,97
3478,132
3479,114
3480,142
3481,26
3482,67
3483,9
3484,74
3485,114
3486,82
3487,9
3488,104
3489,81
3490,2
3491,44
3492,26
3493,90
3494,30
3495,15
3496,89
3497,79
3498,74
3499,81
3500,73
3501,165
3502,74
3503,142
3504,171
3505,9
3506,33
3507,33
3508,79
3509,67
3510,33
3511,92
3512,104
3513,79
3514,130
3515,58
3516,60
3517,138
3518,81
3519,2
3520,14
3521,33
3522,79
3523,14
3524,33
3525,104
3526,114
3527,65
3528,124
3529,74
3530,97
3531,122
3532,74
3533,75
3534,24
3535,73
3536,111
3537,111
3538,78
3539,40
3540,151
3541,15
3542,54
3543,24
3544,89
3545,14
3546,53
3547,1
3548,2
3549,134
3550,97
3551,15
3552,14
3553,73
3554,192
3555,23
3556,48
3557,56
3558,164
3559,4
3560,73
3561,24
3562,14
3563,14
3564,81
3565,104
3566,21
3567,8
3568,36
3569,14
3570,2
3571,61
3572,59
3573,110
3574,26
3575,81
3576,151
3577,147
3578,81
3579,81
3580,32
3581,53
3582,35
3583,73
3584,13
3585,24
3586,15
3587,2
3588,102
3589,54
3590,78
3591,81
3592,92
3593,73
3594,82
3595,53
3596,89
3597,53
3598,80
3599,59
3600,106
3601,83
3602,73
3603,15
3604,115
3605,36
3606,73
3607,80
3608,192
3609,2
3610,64
3611,59
3612,72
3613,2
3614,73
3615,80
3616,9
3617,2
3618,118
3619,136
3620,114
3621,15
3622,14
3623,94
3624,61
3625,73
3626,36
3627,2
3628,81
3629,81
3630,15
3631,94
3632,2
3633,73
3634,24
3635,1
3636,134
3637,14
3638,2
3639,59
3640,81
3641,80
3642,14
3643,19
3644,15
3645,14
3646,73
3647,65
3648,7
3649,83
3650,79
3651,91
3652,58
3653,24
3654,14
3655,33
3656,73
3657,54
3658,64
3659,14
3660,115
3661,60
3662,8
3663,112
3664,61
3665,89
3666,33
3667,83
3668,69
3669,104
3670,147
3671,81
3672,73
3673,33
3674,15
3675,14
3676,13
3677,76
3678,2
3679,60
3680,145
3681,81
3682,81
3683,40
3684,48
3685,14
3686,108
3687,59
3688,54
3689,40
3690,79
3691,164
3692,30
3693,15
3694,116
3695,59
3696,37
3697,49
3698,147
3699,118
3700,171
3701,132
3702,122
3703,92
3704,62
3705,27
3706,60
3707,92
3708,14
3709,60
3710,14
3711,79
3712,75
3713,132
3714,14
3715,64
3716,81
3717,30
3718,80
3719,26
3720,27
3721,58
3722,78
3723,33
3724,1
3725,30
3726,67
3727,151
3728,17
3729,89
3730,33
3731,130
3732,35
3733,81
3734,56
3735,14
3736,94
3737,14
3738,74
3739,54
3740,33
3741,66
3742,71
3743,33
3744,104
3745,2
3746,114
3747,130
3748,9
3749,33
3750,127
3751,121
3752,15
3753,14
3754,13
3755,24
3756,78
3757,116
3758,171
3759,138
3760,9
3761,14
3762,78
3763,85
3764,78
3765,83
3766,114
3767,104
3768,114
3769,137
3770,129
3771,114
3772,94
3773,148
3774,75
3775,112
3776,80
3777,59
3778,147
3779,23
3780,110
3781,13
3782,73
3783,67
3784,78
3785,73
3786,97
3787,93
3788,35
3789,38
3790,83
3791,91
3792,92
3793,61
3794,14
3795,132
3796,58
3797,58
3798,113
3799,73
3800,129
3801,15
3802,64
3803,79
3804,22
3805,59
3806,90
3807,81
3808,110
3809,13
3810,78
3811,80
3812,83
3813,81
3814,73
3815,83
3816,103
3817,14
3818,59
3819,73
3820,83
3821,15
3822,146
3823,25
3824,59
3825,111
3826,81
3827,53
3828,14
3829,78
3830,73
3831,2
3832,14
3833,144
3834,25
3835,58
3836,61
3837,73
3838,59
3839,104
3840,56
3841,110
3842,79
3843,3
3844,2
3845,67
3846,54
3847,11
3848,106
3849,74
3850,145
3851,164
3852,33
3853,81
3854,15
3855,41
3856,14
3857,110
3858,2
3859,56
3860,166
3861,73
3862,15
3863,56
3864,92
3865,33
3866,58
3867,33
3868,73
3869,73
3870,60
3871,38
3872,79
3873,134
3874,104
3875,14
3876,90
3877,2
3878,42
3879,33
3880,78
3881,76
3882,81
3883,137
3884,94
3885,27
3886,106
3887,98
3888,3
3889,21
3890,81
3891,33
3892,81
3893,15
3894,14
3895,73
3896,73
3897,26
3898,106
3899,138
3900,106
3901,81
3902,92
3903,45
3904,53
3905,164
3906,32
3907,81
3908,31
3909,90
3910,21
3911,121
3912,27
3913,25
3914,41
3915,82
3916,74
3917,23
3918,14
3919,73
3920,73
3921,64
3922,32
3923,62
3924,147
3925,78
3926,111
3927,81
3928,14
3929,59
3930,151
3931,111
3932,56
3933,56
3934,15
3935,83
3936,56
3937,2
3938,15
3939,73
3940,136
3941,34
3942,135
3943,73
3944,111
3945,14
3946,184
3947,64
3948,73
3949,41
3950,81
3951,147
3952,132
3953,58
3954,45
3955,73
3956,134
3957,132
3958,53
3959,1
3960,81
3961,147
3962,73
3963,61
3964,54
3965,54
3966,132
3967,106
3968,73
3969,14
3970,4
3971,111
3972,36
3973,132
3974,151
3975,14
3976,110
3977,166
3978,14
3979,15
3980,78
3981,191
3982,83
3983,73
3984,73
3985,150
3986,14
3987,79
3988,33
3989,51
3990,60
3991,33
3992,132
3993,2
3994,66
3995,13
3996,3
3997,73
3998,79
3999,104
4000,21
